"poros","height","sla","DAYSUB","QuadID","elev","enclos","species"
22.39,16.5,23.75285171,59.25,"Q1-3-24",0.353113557,0,"AGRcap"
17.91,17.6,38.89130435,14,"Q1-3-26",0.487305203,0,"AGRcap"
17.95,16.8,NA,0,"Q1-3-28",0.743816953,0,"AGRcap"
13.51,13.9,13.58874459,0,"Q1-3-30",1.150697262,0,"AGRcap"
34.38,17.4,24.55696203,0,"Q1-3-32",1.674419365,0,"AGRcap"
14.56,27.1,15.14285714,92.875,"Q1-5-20",0.258138815,1,"AGRcap"
32.65,15.9,23.29326923,59.625,"Q1-5-22",0.35164807,1,"AGRcap"
16,21.6,15.54693878,13.625,"Q1-5-24",0.490353221,1,"AGRcap"
22.47,22.5,22.66473988,0,"Q1-5-26",0.759624613,1,"AGRcap"
33.82,11,15.32075472,0,"Q1-5-28",1.181700409,1,"AGRcap"
28.74,15.3,8.74,0,"Q1-5-30",1.654208677,1,"AGRcap"
21.21,20.2,13.66571429,0,"Q1-5-32",2.161009126,1,"AGRcap"
7.69,13,9.949880668,81.875,"Q2-3-34",0.288974181,0,"AGRcap"
13.39,9.5,15.56544503,78.25,"Q2-3-36",0.309901946,0,"AGRcap"
33.33,12.5,21.9,69.125,"Q2-3-38",0.331095876,0,"AGRcap"
21.21,20.1,12.5210084,52.5,"Q2-3-40",0.369359456,0,"AGRcap"
NA,15.5,22.1299435,38,"Q2-3-42",0.419616285,0,"AGRcap"
17.14,28,10.13513514,13.75,"Q2-3-44",0.488538441,0,"AGRcap"
16.5,21.7,13.28571429,0,"Q2-3-46",0.582640183,0,"AGRcap"
22.22,29.5,10.68459658,0,"Q2-3-48",0.866104326,0,"AGRcap"
16.16,18.2,10.04651163,0,"Q2-3-50",1.41161348,0,"AGRcap"
5.94,8.2,19.06569343,0,"Q2-3-54",2.592609121,0,"AGRcap"
13.7,13.3,15.37532808,106.875,"Q2-5-30",0.226907756,1,"AGRcap"
25.65,15.8,19.20991254,94.625,"Q2-5-32",0.253874953,1,"AGRcap"
13.51,13,18.94020356,82.125,"Q2-5-34",0.287213806,1,"AGRcap"
32.14,7.3,15.60927152,73.5,"Q2-5-36",0.317519157,1,"AGRcap"
7.88,11,18.21984733,61.25,"Q2-5-38",0.344150586,1,"AGRcap"
NA,18.3,23.73913043,50.75,"Q2-5-40",0.382709948,1,"AGRcap"
21.8,41,18.63797468,28.25,"Q2-5-42",0.443459183,1,"AGRcap"
25,35.1,15.19701493,12.75,"Q2-5-44",0.494054868,1,"AGRcap"
12.15,28.5,NA,2.375,"Q2-5-46",0.553870919,1,"AGRcap"
31.37,26.7,NA,0,"Q2-5-48",0.605834496,1,"AGRcap"
35,15.2,18.22845528,0,"Q2-5-50",0.773999594,1,"AGRcap"
24.42,13.7,14.06870229,0,"Q2-5-52",1.338438811,1,"AGRcap"
17.21,16.7,14.81707317,0,"Q2-5-54",1.853486913,1,"AGRcap"
12.64,13.6,18.4379562,0,"Q2-5-56",2.319117531,1,"AGRcap"
12.2,11,23.85810811,67,"Q3-3-22",0.333573252,0,"AGRcap"
17.92,21.5,16.6032316,53.375,"Q3-3-26",0.366940256,0,"AGRcap"
17.74,8,13.81132075,49.125,"Q3-3-28",0.38949301,0,"AGRcap"
35.29,16.5,26.35114504,8.375,"Q3-3-32",0.519424837,0,"AGRcap"
20.2,9.5,22.38306452,0,"Q3-3-34",0.733942304,0,"AGRcap"
27.16,34.5,10.59541985,0,"Q3-3-36",0.829370525,0,"AGRcap"
16.05,25.4,18.74277457,0,"Q3-3-38",0.88403758,0,"AGRcap"
15.7,17,15.30588235,0,"Q3-3-40",1.263236176,0,"AGRcap"
17.05,15.9,14.04347826,0,"Q3-3-42",1.727702467,0,"AGRcap"
13.61,9.4,9.848275862,0,"Q3-3-44",2.038452062,0,"AGRcap"
14.18,3.4,18.10135135,0,"Q3-3-48",2.401787956,0,"AGRcap"
30.68,4.8,19.73291925,0,"Q3-3-50",2.559467523,0,"AGRcap"
26.21,28.5,18.13529922,63,"Q3-5-22",0.34,1,"AGRcap"
42.45,17.9,23.2345679,59.875,"Q3-5-24",0.35,1,"AGRcap"
43.02,10.2,NA,49.125,"Q3-5-26",0.39,1,"AGRcap"
33.59,17.5,34.24581006,52.375,"Q3-5-28",0.37,1,"AGRcap"
25.25,12.3,17.5990991,45.625,"Q3-5-30",0.4,1,"AGRcap"
25,31,20.23300971,29.125,"Q3-5-32",0.44,1,"AGRcap"
28.13,18.8,16.90322581,19.125,"Q3-5-34",0.47,1,"AGRcap"
18.44,30.4,17.20391808,0.625,"Q3-5-36",0.57,1,"AGRcap"
18.48,32.9,NA,0,"Q3-5-38",0.64,1,"AGRcap"
17.57,32,17.41176471,0,"Q3-5-40",0.74,1,"AGRcap"
NA,34.6,NA,0,"Q3-5-42",0.84,1,"AGRcap"
11.11,13.4,16.87878788,0,"Q3-5-44",1.11,1,"AGRcap"
19.23,15.2,7.295652174,0,"Q3-5-46",1.21,1,"AGRcap"
16.39,19.8,10.85877863,0,"Q3-5-48",1.3,1,"AGRcap"
26.98,8.6,16.75706215,0,"Q3-5-50",1.47,1,"AGRcap"
36.36,13.4,19.50574713,63.25,"Q4-3-28",0.339666189,0,"AGRcap"
26.95,20.7,15.7680798,33.375,"Q4-3-30",0.426536949,0,"AGRcap"
25.59,40.4,32.51393728,4,"Q4-3-32",0.543408349,0,"AGRcap"
44.28,34.5,8.332212508,0,"Q4-3-34",0.779316604,0,"AGRcap"
16.04,33.5,14.97428958,0,"Q4-3-36",1.085972247,0,"AGRcap"
29.03,19,10.7628866,0,"Q4-3-38",1.702100193,0,"AGRcap"
43.4,21,13.91911765,0,"Q4-3-40",2.398974717,0,"AGRcap"
28.66,12.9,9.931034483,0,"Q4-3-42",2.927115205,0,"AGRcap"
39.74,26.8,12.06956522,47.625,"Q4-5-28",0.392900377,1,"AGRcap"
56.52,28.2,19.87234043,18.25,"Q4-5-30",0.471763312,1,"AGRcap"
29.31,34.5,14.47328244,0,"Q4-5-32",0.617924382,1,"AGRcap"
25.23,37,8.652968037,0,"Q4-5-34",0.790573758,1,"AGRcap"
27.43,26.4,7.642857143,0,"Q4-5-36",1.257718625,1,"AGRcap"
36,15,NA,0,"Q4-5-38",1.869952672,1,"AGRcap"
27.08,22.8,9.622166247,0,"Q4-5-40",2.364141009,1,"AGRcap"
16.8,11.3,19.04597701,253.25,"Q1-5-0",3.26e-06,1,"ALOgen"
17.31,19.7,16.22355289,253.25,"Q1-5-0",3.26e-06,1,"ALOgen"
11.9,29,29.09311741,253.25,"Q1-5-2",1.24e-05,1,"ALOgen"
26.05,23.1,28.56741573,253.25,"Q1-5-2",1.24e-05,1,"ALOgen"
17.07,20,19.76902887,253.25,"Q1-5-4",0,1,"ALOgen"
28.7,29.9,10.59585492,253.25,"Q1-5-4",0,1,"ALOgen"
23.26,15.8,17.45822102,253.25,"Q1-5-6",0,1,"ALOgen"
19.88,8.2,11.91941392,187.125,"Q2-3-14",0.077153881,0,"ALOgen"
17.65,16.2,NA,179.75,"Q2-3-18",0.097397058,0,"ALOgen"
30.82,10.1,20.76323988,241.125,"Q2-5-6",0.033223106,1,"ALOgen"
17,22.5,7.249283668,201.625,"Q4-3-2",0.058589902,0,"ALOgen"
13.9,4.4,11.31147541,201.625,"Q4-3-2",0.058589902,0,"ALOgen"
17.52,21,32.11422414,232.75,"Q4-5-12",0.050120001,1,"ALOgen"
40.57,10.5,17.51724138,198.375,"Q4-5-16",0.062600498,1,"ALOgen"
30.06,21.9,24.09651475,198.375,"Q4-5-16",0.062600498,1,"ALOgen"
34.78,11,18.31818182,232.75,"Q4-5-4",0.050026123,1,"ALOgen"
13.27,13.8,14.77647059,232.75,"Q4-5-8",0.050080982,1,"ALOgen"
14.6,18.9,18.51871658,232.75,"Q4-5-8",0.050080982,1,"ALOgen"
29.79,13,22,232.75,"Q4-5-8",0.050080982,1,"ALOgen"
20.13,8.8,17.5210643,253.25,"Q1-3-10",0,0,"AMPflu"
15.09,14.6,19.25242718,252.375,"Q1-3-12",0.000721084,0,"AMPflu"
15.93,5.5,19.68539326,253.25,"Q1-3-2",0,0,"AMPflu"
33.67,8.6,13.0872093,253.25,"Q1-3-4",3.46e-06,0,"AMPflu"
26.43,6.3,16.7816092,180.75,"Q1-5-16",0.095949315,1,"AMPflu"
55.14,24.9,17.64705882,253.25,"Q1-5-4",0,1,"AMPflu"
13.64,5,NA,196,"Q2-3-12",0.066296506,0,"AMPflu"
46.34,4,20.36,184,"Q2-3-16",0.08756114,0,"AMPflu"
14.78,7.5,13.22857143,174.875,"Q2-3-20",0.11154678,0,"AMPflu"
20,9.4,8.339712919,164,"Q2-3-22",0.134260005,0,"AMPflu"
10.98,5.2,NA,151.5,"Q2-3-24",0.162287909,0,"AMPflu"
19.44,17.8,18.05263158,234.625,"Q2-5-10",0.04644338,1,"AMPflu"
18.46,4.6,18.10204082,202.625,"Q2-5-12",0.0569393,1,"AMPflu"
8.53,7.3,NA,189.375,"Q2-5-18",0.073413266,1,"AMPflu"
23.61,8,21.88888889,242.5,"Q2-5-2",0.030011102,1,"AMPflu"
15.38,11.5,17.38953488,173.375,"Q2-5-22",0.120121638,1,"AMPflu"
34.65,12.4,17.76536313,158,"Q2-5-24",0.143204561,1,"AMPflu"
27.73,109,14.16666667,242.5,"Q2-5-4",0.029803778,1,"AMPflu"
23.61,20.6,17.97802198,241.125,"Q2-5-6",0.033223106,1,"AMPflu"
10,9.3,20.12903226,237.75,"Q2-5-8",0.040014721,1,"AMPflu"
20.61,4.6,10.42105263,185.875,"Q3-3-0",0.081362655,0,"AMPflu"
41.25,8,8.548387097,157.75,"Q3-3-10",0.14550919,0,"AMPflu"
16.13,2.7,10.78571429,190,"Q3-3-2",0.072627034,0,"AMPflu"
22.06,4.6,19.05660377,191.625,"Q3-3-4",0.070581172,0,"AMPflu"
10.96,4.5,10.0251046,185.875,"Q3-3-6",0.081373701,0,"AMPflu"
7.06,5.5,11.5,176.75,"Q3-3-8",0.105054346,0,"AMPflu"
21.07,21.5,27.50809061,186.375,"Q3-5-0",0.08,1,"AMPflu"
15,17.4,18.56088561,129.75,"Q3-5-14",0.2,1,"AMPflu"
48.82,16,9.324324324,100.25,"Q3-5-18",0.24,1,"AMPflu"
9.24,3.3,5.714285714,238.875,"Q4-3-0",0.03812822,0,"AMPflu"
10.53,8.6,NA,233.125,"Q4-3-18",0.049468151,0,"AMPflu"
11.31,11.5,10.70261438,202.625,"Q4-3-20",0.056983163,0,"AMPflu"
21.98,4.7,7.511961722,195.125,"Q4-3-4",0.066967739,0,"AMPflu"
25,2.5,10.625,196.625,"Q4-3-8",0.065736198,0,"AMPflu"
34.78,5.9,22.34375,233.125,"Q4-5-0",0.049303461,1,"AMPflu"
24.31,9.5,20.93548387,234.125,"Q4-5-10",0.047351614,1,"AMPflu"
36.11,6,14.73015873,232.75,"Q4-5-12",0.050120001,1,"AMPflu"
10.83,8.9,NA,198.375,"Q4-5-16",0.062600498,1,"AMPflu"
14.29,16.5,21.69230769,186.625,"Q4-5-18",0.079245048,1,"AMPflu"
14.81,18.5,25.91769547,233.625,"Q4-5-2",0.048540159,1,"AMPflu"
19.44,6,28.09459459,232.75,"Q4-5-4",0.050026123,1,"AMPflu"
10,6.2,16.34408602,233,"Q4-5-6",0.049997875,1,"AMPflu"
13.64,8.5,19.26829268,232.75,"Q4-5-8",0.050080982,1,"AMPflu"
53.85,18.9,18.15,59.25,"Q1-3-24",0.353113557,0,"ANTodo"
7.89,15.9,NA,14,"Q1-3-26",0.487305203,0,"ANTodo"
26.56,16.9,19.05548705,0,"Q1-3-28",0.743816953,0,"ANTodo"
24.49,9.3,NA,0,"Q1-3-32",1.674419365,0,"ANTodo"
30.17,27.1,17.43108874,59.625,"Q1-5-22",0.35164807,1,"ANTodo"
20.69,26.9,23.22663551,13.625,"Q1-5-24",0.490353221,1,"ANTodo"
16.13,10.4,20.03420523,0,"Q1-5-30",1.654208677,1,"ANTodo"
31.11,13.5,21.12552301,38,"Q2-3-42",0.419616285,0,"ANTodo"
14.91,25.6,17.06311637,13.75,"Q2-3-44",0.488538441,0,"ANTodo"
24.62,19.7,15.34431373,0,"Q2-3-46",0.582640183,0,"ANTodo"
15.25,17.7,17.20379147,0,"Q2-3-48",0.866104326,0,"ANTodo"
8.09,11.9,13.33423545,0,"Q2-3-50",1.41161348,0,"ANTodo"
1.89,6.5,15.06447831,0,"Q2-3-52",2.030666877,0,"ANTodo"
11.24,3.8,19.41401274,0,"Q2-3-54",2.592609121,0,"ANTodo"
20,8.5,22.37248322,61.25,"Q2-5-38",0.344150586,1,"ANTodo"
14.29,26.4,23.09236364,50.75,"Q2-5-40",0.382709948,1,"ANTodo"
30.16,29.9,24.17388949,12.75,"Q2-5-44",0.494054868,1,"ANTodo"
66.67,19.9,21.85765983,2.375,"Q2-5-46",0.553870919,1,"ANTodo"
13.64,10.2,NA,0,"Q2-5-48",0.605834496,1,"ANTodo"
6.45,11.4,20.01442308,0,"Q2-5-50",0.773999594,1,"ANTodo"
25,14.4,22.99214366,0,"Q2-5-52",1.338438811,1,"ANTodo"
6.67,5,13.60331633,0,"Q2-5-54",1.853486913,1,"ANTodo"
40,10.2,18.859375,31.875,"Q3-3-30",0.429574139,0,"ANTodo"
32.84,21.5,22.13092269,8.375,"Q3-3-32",0.519424837,0,"ANTodo"
30.23,9.5,15.99285714,0,"Q3-3-34",0.733942304,0,"ANTodo"
5.88,20.3,17.36513158,0,"Q3-3-36",0.829370525,0,"ANTodo"
13.21,22.5,20.42396313,0,"Q3-3-38",0.88403758,0,"ANTodo"
6.25,10.5,26.51988636,0,"Q3-3-40",1.263236176,0,"ANTodo"
14.4,20,36.83589138,19.125,"Q3-5-34",0.47,1,"ANTodo"
12.39,42,19.08179631,0.625,"Q3-5-36",0.57,1,"ANTodo"
10,34,22.11686144,0,"Q3-5-38",0.64,1,"ANTodo"
50,26,6.831241283,0,"Q3-5-40",0.74,1,"ANTodo"
20,30.1,22.47137405,0,"Q3-5-42",0.84,1,"ANTodo"
19.61,20,24.6442953,33.375,"Q4-3-30",0.426536949,0,"ANTodo"
29.07,33,26.84819413,4,"Q4-3-32",0.543408349,0,"ANTodo"
45.39,37,23.89633081,0,"Q4-3-34",0.779316604,0,"ANTodo"
23.78,16,15.54804469,0,"Q4-3-36",1.085972247,0,"ANTodo"
17.78,16.2,24.48300795,47.625,"Q4-5-28",0.392900377,1,"ANTodo"
39.45,43,20.53864988,18.25,"Q4-5-30",0.471763312,1,"ANTodo"
NA,47.8,NA,0,"Q4-5-32",0.617924382,1,"ANTodo"
16.52,34,14.04255319,0,"Q4-5-34",0.790573758,1,"ANTodo"
7.11,10.1,9.994241843,177,"Q1-3-16",0.104252133,0,"CARgau"
10.92,9.3,10.32191781,156.125,"Q1-3-18",0.150332685,0,"CARgau"
17.39,3.5,8.309782609,136.5,"Q1-3-20",0.19043142,0,"CARgau"
12.55,9.7,NA,94.25,"Q1-3-22",0.25537401,0,"CARgau"
23.97,12.4,9.592515593,180.75,"Q1-5-16",0.095949315,1,"CARgau"
12.87,6.4,9.753289474,145.5,"Q1-5-18",0.176978787,1,"CARgau"
5.38,8.6,NA,92.875,"Q1-5-20",0.258138815,1,"CARgau"
11.11,5.2,14.12315271,59.625,"Q1-5-22",0.35164807,1,"CARgau"
9.9,12.7,8.311320755,136.25,"Q2-3-26",0.190742556,0,"CARgau"
13.19,8.2,13.82758621,107.625,"Q2-3-28",0.226052018,0,"CARgau"
6.02,14,8.471042471,94.875,"Q2-3-30",0.251573968,0,"CARgau"
4.75,12.9,12.37423313,88.375,"Q2-3-32",0.267968802,0,"CARgau"
19.05,11.8,8.576168929,81.875,"Q2-3-34",0.288974181,0,"CARgau"
12.47,9.5,NA,78.25,"Q2-3-36",0.309901946,0,"CARgau"
10.23,8.6,NA,69.125,"Q2-3-38",0.331095876,0,"CARgau"
30.95,9.4,8.205683356,52.5,"Q2-3-40",0.369359456,0,"CARgau"
NA,17.5,10.36182903,0,"Q2-3-48",0.866104326,0,"CARgau"
12.26,14,9.970749543,158,"Q2-5-24",0.143204561,1,"CARgau"
6.85,10.4,9.895470383,133.75,"Q2-5-26",0.193928245,1,"CARgau"
15.63,14,12.20361991,109.625,"Q2-5-28",0.223231175,1,"CARgau"
10.36,8.4,9.725490196,106.875,"Q2-5-30",0.226907756,1,"CARgau"
7.14,11.5,NA,94.625,"Q2-5-32",0.253874953,1,"CARgau"
57.14,8.4,10.36818182,82.125,"Q2-5-34",0.287213806,1,"CARgau"
8.36,9.1,11.2902439,73.5,"Q2-5-36",0.317519157,1,"CARgau"
10.23,7.4,11.16161616,61.25,"Q2-5-38",0.344150586,1,"CARgau"
4.2,3.8,7.957081545,92,"Q3-3-16",0.263365745,0,"CARgau"
18.35,7.5,9.808564232,79.25,"Q3-3-18",0.302096251,0,"CARgau"
13.1,16,8.846153846,73.625,"Q3-3-20",0.317081993,0,"CARgau"
12.61,9.5,11.5804878,67,"Q3-3-22",0.333573252,0,"CARgau"
22.22,11.4,12.03191489,59.875,"Q3-3-24",0.350052798,0,"CARgau"
12.55,7,8.413306452,53.375,"Q3-3-26",0.366940256,0,"CARgau"
6.74,10.2,8.059440559,49.125,"Q3-3-28",0.38949301,0,"CARgau"
7.14,5.7,10.36111111,31.875,"Q3-3-30",0.429574139,0,"CARgau"
3.28,14.5,8.433121019,111.5,"Q3-5-16",0.22,1,"CARgau"
17.91,18.5,1.734587252,100.25,"Q3-5-18",0.24,1,"CARgau"
14.42,10.9,13.36065574,78.125,"Q3-5-20",0.31,1,"CARgau"
16.67,11.5,12.28997868,63,"Q3-5-22",0.34,1,"CARgau"
18.92,9.5,NA,59.875,"Q3-5-24",0.35,1,"CARgau"
22.47,7.8,13.21428571,49.125,"Q3-5-26",0.39,1,"CARgau"
22.03,15.3,12.07831325,52.375,"Q3-5-28",0.37,1,"CARgau"
34.04,12,13.41147132,45.625,"Q3-5-30",0.4,1,"CARgau"
20.41,14.9,23.60634921,29.125,"Q3-5-32",0.44,1,"CARgau"
18.57,8.5,15.06648936,135.5,"Q4-3-24",0.191297993,0,"CARgau"
7.61,4.6,10.59555556,92.75,"Q4-3-26",0.260544908,0,"CARgau"
14.84,10,10.01481481,63.25,"Q4-3-28",0.339666189,0,"CARgau"
23.49,12.5,17.46240602,94.625,"Q4-5-24",0.253981113,1,"CARgau"
12.28,6.2,10.24305556,75.125,"Q4-5-26",0.315056151,1,"CARgau"
32.61,10.6,8.290322581,47.625,"Q4-5-28",0.392900377,1,"CARgau"
25.17,27.4,9.753481894,252.375,"Q1-3-12",0.000721084,0,"CARova"
31.29,21.3,10.7390625,133.75,"Q2-5-26",0.193928245,1,"CARova"
40.43,20.5,9.9137577,109.625,"Q2-5-28",0.223231175,1,"CARova"
40.77,20,10.27241379,79.25,"Q3-3-18",0.302096251,0,"CARova"
33.96,35,18.42046719,144.125,"Q3-5-12",0.18,1,"CARova"
21.72,25.5,18.80616175,100.25,"Q3-5-18",0.24,1,"CARova"
14.77,39,14.3248754,4,"Q4-3-32",0.543408349,0,"CARova"
26.17,46,14.06628426,0,"Q4-3-34",0.779316604,0,"CARova"
34.69,13,11.62396694,94.625,"Q4-5-24",0.253981113,1,"CARova"
52.1,6.8,12.94626866,75.125,"Q4-5-26",0.315056151,1,"CARova"
56.12,29.5,4.484468807,253.25,"Q1-3-0",6.05e-07,0,"ELAacu"
49.02,32.2,3.96954152,253.25,"Q1-3-10",0,0,"ELAacu"
33.09,18,5.052673583,252.375,"Q1-3-12",0.000721084,0,"ELAacu"
40.24,29.9,4.502802242,240.5,"Q1-3-14",0.034088188,0,"ELAacu"
42.86,24,5.442767296,177,"Q1-3-16",0.104252133,0,"ELAacu"
39.6,13.1,6.440162272,156.125,"Q1-3-18",0.150332685,0,"ELAacu"
50.78,19.6,6.310991957,253.25,"Q1-3-2",0,0,"ELAacu"
39.13,7.5,4.798387097,136.5,"Q1-3-20",0.19043142,0,"ELAacu"
54.61,26.5,4.629776827,253.25,"Q1-3-4",3.46e-06,0,"ELAacu"
58.08,28.7,NA,253.125,"Q1-3-6",6.83e-05,0,"ELAacu"
52.21,13.2,5.531638084,253.25,"Q1-3-8",0,0,"ELAacu"
50.67,25.5,4.652441707,253.25,"Q1-5-0",3.26e-06,1,"ELAacu"
46.36,36.3,5.165840863,249.375,"Q1-5-10",0.007928939,1,"ELAacu"
42.25,30.4,4.077854671,248.75,"Q1-5-12",0.009325143,1,"ELAacu"
62.63,27.4,4.988562904,240.875,"Q1-5-14",0.033667185,1,"ELAacu"
51.62,22.1,4.977272727,180.75,"Q1-5-16",0.095949315,1,"ELAacu"
NA,9.5,5.546728972,145.5,"Q1-5-18",0.176978787,1,"ELAacu"
52.46,24.2,4.595892238,253.25,"Q1-5-2",1.24e-05,1,"ELAacu"
56.33,35.2,4.057446809,253.25,"Q1-5-4",0,1,"ELAacu"
NA,39.5,2.19123783,253.25,"Q1-5-6",0,1,"ELAacu"
39.2,33.1,5.335051546,251.25,"Q1-5-8",0.002339633,1,"ELAacu"
37.16,5.8,4.966055669,233,"Q2-3-0",0.049947711,0,"ELAacu"
40.37,13,4.611608882,196,"Q2-3-12",0.066296506,0,"ELAacu"
33.41,11.2,4.900492611,187.125,"Q2-3-14",0.077153881,0,"ELAacu"
58.77,14.6,3.826606876,184,"Q2-3-16",0.08756114,0,"ELAacu"
52.02,26,3.544970414,179.75,"Q2-3-18",0.097397058,0,"ELAacu"
51.46,24,5.020061728,164,"Q2-3-22",0.134260005,0,"ELAacu"
35.9,20,NA,151.5,"Q2-3-24",0.162287909,0,"ELAacu"
55.89,14,NA,136.25,"Q2-3-26",0.190742556,0,"ELAacu"
50.67,13.8,6.217391304,81.875,"Q2-3-34",0.288974181,0,"ELAacu"
56.12,14.1,3.419770372,201.125,"Q2-3-8",0.060042069,0,"ELAacu"
44.15,34,6.650201613,242.5,"Q2-5-0",0.029999082,1,"ELAacu"
44.8,39.9,6.209836066,234.625,"Q2-5-10",0.04644338,1,"ELAacu"
50.68,31,7.234191176,202.625,"Q2-5-12",0.0569393,1,"ELAacu"
51.1,56.1,NA,200.875,"Q2-5-14",0.060577554,1,"ELAacu"
54.55,56.1,6.115146513,187,"Q2-5-16",0.077307591,1,"ELAacu"
50.72,39.4,NA,189.375,"Q2-5-18",0.073413266,1,"ELAacu"
41.38,14.5,5.916201117,242.5,"Q2-5-2",0.030011102,1,"ELAacu"
46.21,15.4,6.134419552,180.875,"Q2-5-20",0.094072205,1,"ELAacu"
55.13,22.1,6.652650823,173.375,"Q2-5-22",0.120121638,1,"ELAacu"
37.1,24.6,6.608411215,158,"Q2-5-24",0.143204561,1,"ELAacu"
52.81,22,6.371062992,109.625,"Q2-5-28",0.223231175,1,"ELAacu"
43.84,20,5.796008869,242.5,"Q2-5-4",0.029803778,1,"ELAacu"
53.95,34,5.073219659,241.125,"Q2-5-6",0.033223106,1,"ELAacu"
52.14,43.3,NA,237.75,"Q2-5-8",0.040014721,1,"ELAacu"
28.75,20,5.731441048,185.875,"Q3-3-0",0.081362655,0,"ELAacu"
50.27,32,4.914341654,157.75,"Q3-3-10",0.14550919,0,"ELAacu"
39.14,30,NA,144.25,"Q3-3-12",0.179771822,0,"ELAacu"
42.55,22,4.136546185,92,"Q3-3-16",0.263365745,0,"ELAacu"
37.33,23,4.80058651,79.25,"Q3-3-18",0.302096251,0,"ELAacu"
37.65,25,5.380483438,190,"Q3-3-2",0.072627034,0,"ELAacu"
56.92,31,5.41392286,191.625,"Q3-3-4",0.070581172,0,"ELAacu"
44.12,26,4.800657624,176.75,"Q3-3-8",0.105054346,0,"ELAacu"
51.99,34.4,4.504059301,186.375,"Q3-5-0",0.08,1,"ELAacu"
51.55,36.5,NA,152.75,"Q3-5-10",0.16,1,"ELAacu"
48.55,32.1,4.680387409,144.125,"Q3-5-12",0.18,1,"ELAacu"
56.45,31,5.759109312,129.75,"Q3-5-14",0.2,1,"ELAacu"
47.7,25,7.4360587,111.5,"Q3-5-16",0.22,1,"ELAacu"
52.91,14.2,NA,100.25,"Q3-5-18",0.24,1,"ELAacu"
32.81,28.5,4.647595096,192.125,"Q3-5-2",0.07,1,"ELAacu"
57.56,17.6,5.846153846,78.125,"Q3-5-20",0.31,1,"ELAacu"
51.92,38,4.046854942,201.125,"Q3-5-4",0.06,1,"ELAacu"
51.88,29.3,5.620055198,201.125,"Q3-5-6",0.06,1,"ELAacu"
57.32,45,4.461942257,175.125,"Q3-5-8",0.11,1,"ELAacu"
32.94,15,4.370522006,238.875,"Q4-3-0",0.03812822,0,"ELAacu"
41.55,17.4,5.954780362,231.375,"Q4-3-14",0.052789354,0,"ELAacu"
50.76,13,6.90497449,232.375,"Q4-3-16",0.050953111,0,"ELAacu"
45.39,19.4,5.918918919,201.625,"Q4-3-2",0.058589902,0,"ELAacu"
30.74,20.5,4.143656716,202.625,"Q4-3-20",0.056983163,0,"ELAacu"
46.64,29.3,5.00530504,176.25,"Q4-3-22",0.107376321,0,"ELAacu"
52.19,35,6.522813688,135.5,"Q4-3-24",0.191297993,0,"ELAacu"
44.85,36,5.319845284,195.125,"Q4-3-4",0.066967739,0,"ELAacu"
61.88,21.1,NA,192,"Q4-3-6",0.070211528,0,"ELAacu"
40.6,40,5.149516271,233.125,"Q4-5-0",0.049303461,1,"ELAacu"
31.97,25,5.930535456,234.125,"Q4-5-10",0.047351614,1,"ELAacu"
40.23,50.2,5.249406528,232.75,"Q4-5-12",0.050120001,1,"ELAacu"
58.83,37.5,5.204052098,232.375,"Q4-5-14",0.051051891,1,"ELAacu"
48.35,48,5.194107864,198.375,"Q4-5-16",0.062600498,1,"ELAacu"
53.15,43,5.252996005,186.625,"Q4-5-18",0.079245048,1,"ELAacu"
41.98,52,7.339055794,233.625,"Q4-5-2",0.048540159,1,"ELAacu"
48.59,49,4.898918665,173.5,"Q4-5-20",0.118480111,1,"ELAacu"
50.52,37.4,5.811897106,130,"Q4-5-22",0.19964608,1,"ELAacu"
27.83,28.9,5.336734694,94.625,"Q4-5-24",0.253981113,1,"ELAacu"
56.6,7.5,6.128404669,75.125,"Q4-5-26",0.315056151,1,"ELAacu"
53.19,25,6.983632112,232.75,"Q4-5-4",0.050026123,1,"ELAacu"
51.35,35.5,5.153478854,233,"Q4-5-6",0.049997875,1,"ELAacu"
51.88,37.5,4.541747917,232.75,"Q4-5-8",0.050080982,1,"ELAacu"
23.81,3.5,17.18181818,253.25,"Q1-3-2",0,0,"ELApus"
NA,2.1,20.375,253.125,"Q1-3-6",6.83e-05,0,"ELApus"
31.58,2.2,19.5625,233,"Q2-3-0",0.049947711,0,"ELApus"
NA,2.5,16.42857143,201.125,"Q2-3-10",0.059872216,0,"ELApus"
23.81,0.6,NA,187.125,"Q2-3-14",0.077153881,0,"ELApus"
NA,2.6,25.56666667,184,"Q2-3-16",0.08756114,0,"ELApus"
34.21,0.8,NA,179.75,"Q2-3-18",0.097397058,0,"ELApus"
NA,2.7,13.93548387,233,"Q2-3-2",0.049696228,0,"ELApus"
46.67,3.4,NA,107.625,"Q2-3-28",0.226052018,0,"ELApus"
22.39,3.2,22.425,231.25,"Q2-3-4",0.053058233,0,"ELApus"
24.14,4.4,21.02564103,201.25,"Q2-3-6",0.059523208,0,"ELApus"
45.45,2.7,33.39285714,201.125,"Q2-3-8",0.060042069,0,"ELApus"
37.93,8.4,13.33333333,234.625,"Q2-5-10",0.04644338,1,"ELApus"
NA,2.5,14.47368421,185.875,"Q3-3-0",0.081362655,0,"ELApus"
27.27,2.8,9.945054945,144.25,"Q3-3-12",0.179771822,0,"ELApus"
27.03,3,21.29166667,115.5,"Q3-3-14",0.214794439,0,"ELApus"
NA,1,14.77777778,92,"Q3-3-16",0.263365745,0,"ELApus"
20.69,4,19.64516129,190,"Q3-3-2",0.072627034,0,"ELApus"
11.11,2.7,22.30555556,191.625,"Q3-3-4",0.070581172,0,"ELApus"
40,4,18.82758621,185.875,"Q3-3-6",0.081373701,0,"ELApus"
14.29,3,NA,238.875,"Q4-3-0",0.03812822,0,"ELApus"
NA,2.3,13.4137931,238.25,"Q4-3-10",0.039296649,0,"ELApus"
30.56,4.8,22.54054054,238.125,"Q4-3-12",0.039585466,0,"ELApus"
20.37,3,15.93548387,231.375,"Q4-3-14",0.052789354,0,"ELApus"
48.94,6,NA,232.375,"Q4-3-16",0.050953111,0,"ELApus"
NA,3.4,27.1875,233.125,"Q4-3-18",0.049468151,0,"ELApus"
NA,2,6.4,201.625,"Q4-3-2",0.058589902,0,"ELApus"
47.22,2.1,25.55102041,202.625,"Q4-3-20",0.056983163,0,"ELApus"
26.32,2.2,27.55102041,176.25,"Q4-3-22",0.107376321,0,"ELApus"
NA,2.6,28.8,135.5,"Q4-3-24",0.191297993,0,"ELApus"
14.29,5.1,2.105263158,195.125,"Q4-3-4",0.066967739,0,"ELApus"
52.94,3.5,NA,192,"Q4-3-6",0.070211528,0,"ELApus"
NA,3,21.82926829,196.625,"Q4-3-8",0.065736198,0,"ELApus"
20,7.5,26.45762712,234.125,"Q4-5-10",0.047351614,1,"ELApus"
16.42,2.3,17.08379888,136.5,"Q1-3-20",0.19043142,0,"EPIang"
20.61,1.3,17.54929577,94.25,"Q1-3-22",0.25537401,0,"EPIang"
8.82,5.1,17.2464455,145.5,"Q1-5-18",0.176978787,1,"EPIang"
19.16,2.7,19.09659091,107.625,"Q2-3-28",0.226052018,0,"EPIang"
15.79,28,17.10714286,94.875,"Q2-3-30",0.251573968,0,"EPIang"
32,2.7,NA,88.375,"Q2-3-32",0.267968802,0,"EPIang"
17.68,5,NA,81.875,"Q2-3-34",0.288974181,0,"EPIang"
12.04,3.8,15.09019608,69.125,"Q2-3-38",0.331095876,0,"EPIang"
7.64,1.9,18.77192982,133.75,"Q2-5-26",0.193928245,1,"EPIang"
10.68,4.2,17.02661597,109.625,"Q2-5-28",0.223231175,1,"EPIang"
8.81,1.6,25.125,106.875,"Q2-5-30",0.226907756,1,"EPIang"
10.24,35,12.0766129,94.625,"Q2-5-32",0.253874953,1,"EPIang"
21.76,3,21.85281385,79.25,"Q3-3-18",0.302096251,0,"EPIang"
16.82,1,18.58078603,73.625,"Q3-3-20",0.317081993,0,"EPIang"
4.44,3.5,18.35849057,67,"Q3-3-22",0.333573252,0,"EPIang"
14.08,1.3,18.56497175,67,"Q3-3-22",0.333573252,0,"EPIang"
23.44,2.3,17.32682927,59.875,"Q3-3-24",0.350052798,0,"EPIang"
9.09,0.2,17.01324503,59.875,"Q3-3-24",0.350052798,0,"EPIang"
14.74,1.2,11.92705167,53.375,"Q3-3-26",0.366940256,0,"EPIang"
13.16,4.9,21.34285714,78.125,"Q3-5-20",0.31,1,"EPIang"
18.1,5.2,17.3632287,59.875,"Q3-5-24",0.35,1,"EPIang"
6.59,4,20.20735786,59.875,"Q3-5-24",0.35,1,"EPIang"
20.75,4.1,15.08474576,92.75,"Q4-3-26",0.260544908,0,"EPIang"
14.5,1,22.84020619,92.75,"Q4-3-26",0.260544908,0,"EPIang"
8.29,4.4,16.36015326,63.25,"Q4-3-28",0.339666189,0,"EPIang"
6.94,2,20.47457627,63.25,"Q4-3-28",0.339666189,0,"EPIang"
17.27,4.5,20.87124464,130,"Q4-5-22",0.19964608,1,"EPIang"
9.72,3,17.89473684,94.625,"Q4-5-24",0.253981113,1,"EPIang"
15.72,0.4,17.84753363,75.125,"Q4-5-26",0.315056151,1,"EPIang"
10.77,3,18.48258706,75.125,"Q4-5-26",0.315056151,1,"EPIang"
12.82,16.3,13.91746905,0,"Q1-3-30",1.150697262,0,"FESnov"
12.35,11.2,8.670678337,0,"Q1-3-30",1.150697262,0,"FESnov"
27.71,6.7,5.809090909,0,"Q1-3-32",1.674419365,0,"FESnov"
8.47,35.2,7.260504202,0,"Q2-3-54",2.592609121,0,"FESnov"
30,11.5,6.823529412,0,"Q2-5-52",1.338438811,1,"FESnov"
23.86,19.4,6.280087527,0,"Q2-5-54",1.853486913,1,"FESnov"
14.29,17,6.96139477,0,"Q3-3-42",1.727702467,0,"FESnov"
4.78,18,6.712779974,0,"Q3-3-44",2.038452062,0,"FESnov"
1.52,18.5,6.229591837,0,"Q3-5-44",1.11,1,"FESnov"
14.42,15.5,6.529540481,0,"Q3-5-46",1.21,1,"FESnov"
4.88,11.22343387,NA,0,"Q3-5-46",1.21,1,"FESnov"
8.33,18.8,7.672413793,0,"Q3-5-48",1.3,1,"FESnov"
3.88,24.4,8.520971302,0,"Q4-3-36",1.085972247,0,"FESnov"
15.84,11.9,9.629324547,0,"Q4-3-38",1.702100193,0,"FESnov"
4.86,27.5,8.057786484,0,"Q4-3-38",1.702100193,0,"FESnov"
8.81,12.5,9.386861314,0,"Q4-3-40",2.398974717,0,"FESnov"
13.11,22.5,11.35346756,0,"Q4-5-38",1.869952672,1,"FESnov"
14.75,31,10.79911374,0,"Q4-5-40",2.364141009,1,"FESnov"
17.91,16.5,17.11056911,0,"Q4-5-42",2.827177468,1,"FESnov"
21.62,30.2,8.563679245,0,"Q4-5-42",2.827177468,1,"FESnov"
26.32,5.1,45.15384615,177,"Q1-3-16",0.104252133,0,"GALper"
NA,3.9,49,156.125,"Q1-3-18",0.150332685,0,"GALper"
22.58,3.6,37.4,136.5,"Q1-3-20",0.19043142,0,"GALper"
31.25,4.1,16.88888889,94.25,"Q1-3-22",0.25537401,0,"GALper"
NA,1.5,NA,233,"Q2-3-0",0.049947711,0,"GALper"
21.21,4.5,31.08333333,164,"Q2-3-22",0.134260005,0,"GALper"
16.67,3.4,NA,151.5,"Q2-3-24",0.162287909,0,"GALper"
21.62,2.9,21.06666667,107.625,"Q2-3-28",0.226052018,0,"GALper"
26.09,30,NA,94.875,"Q2-3-30",0.251573968,0,"GALper"
20.59,4.5,NA,88.375,"Q2-3-32",0.267968802,0,"GALper"
37.93,4.5,NA,81.875,"Q2-3-34",0.288974181,0,"GALper"
39.58,7,21.75,231.25,"Q2-3-4",0.053058233,0,"GALper"
15.69,3.2,26.5,144.25,"Q3-3-12",0.179771822,0,"GALper"
17.39,1.3,17.85714286,115.5,"Q3-3-14",0.214794439,0,"GALper"
NA,1.4,21.36363636,92,"Q3-3-16",0.263365745,0,"GALper"
23.4,5,11.5625,79.25,"Q3-3-18",0.302096251,0,"GALper"
NA,1.2,32.57142857,190,"Q3-3-2",0.072627034,0,"GALper"
25.71,1,16.66666667,73.625,"Q3-3-20",0.317081993,0,"GALper"
19.78,2,16.93333333,67,"Q3-3-22",0.333573252,0,"GALper"
30,3,NA,59.875,"Q3-3-24",0.350052798,0,"GALper"
27.66,5.5,19.69565217,53.375,"Q3-3-26",0.366940256,0,"GALper"
NA,10,26.40909091,129.75,"Q3-5-14",0.2,1,"GALper"
27.91,7.1,17.875,100.25,"Q3-5-18",0.24,1,"GALper"
NA,6.2,50.25,59.875,"Q3-5-24",0.35,1,"GALper"
26.67,1.8,22.94117647,232.375,"Q4-3-16",0.050953111,0,"GALper"
13.89,3.4,NA,201.625,"Q4-3-2",0.058589902,0,"GALper"
16.95,2.6,35.66666667,92.75,"Q4-3-26",0.260544908,0,"GALper"
23.85,2.9,32.19047619,63.25,"Q4-3-28",0.339666189,0,"GALper"
36.62,1.8,NA,195.125,"Q4-3-4",0.066967739,0,"GALper"
16.67,6.7,36.81818182,94.625,"Q4-5-24",0.253981113,1,"GALper"
10.71,3,42.375,75.125,"Q4-5-26",0.315056151,1,"GALper"
24.77,0.3,28.76470588,233,"Q2-3-0",0.049947711,0,"GLOela"
NA,0.1,12,92,"Q3-3-16",0.263365745,0,"GLOela"
16.67,0.1,25.29411765,238.25,"Q4-3-10",0.039296649,0,"GLOela"
52.94,0.7,27.8,238.125,"Q4-3-12",0.039585466,0,"GLOela"
25.42,0.2,18.98181818,231.375,"Q4-3-14",0.052789354,0,"GLOela"
17.39,0.7,27.77777778,232.375,"Q4-3-16",0.050953111,0,"GLOela"
42.47,0.5,NA,233.125,"Q4-3-18",0.049468151,0,"GLOela"
11.43,0.3,NA,201.625,"Q4-3-2",0.058589902,0,"GLOela"
13.33,0.9,27.02777778,202.625,"Q4-3-20",0.056983163,0,"GLOela"
NA,0.4,20.32835821,196.625,"Q4-3-8",0.065736198,0,"GLOela"
31.66,10.2,12.4875,156.125,"Q1-3-18",0.150332685,0,"JUNart"
22.08,7.2,NA,136.5,"Q1-3-20",0.19043142,0,"JUNart"
35.29,8.4,9.245856354,94.25,"Q1-3-22",0.25537401,0,"JUNart"
34.09,11.5,10.64327485,184,"Q2-3-16",0.08756114,0,"JUNart"
46.78,6,10.79069767,136.25,"Q2-3-26",0.190742556,0,"JUNart"
21.74,18,NA,107.625,"Q2-3-28",0.226052018,0,"JUNart"
30.04,8,11.9035533,94.875,"Q2-3-30",0.251573968,0,"JUNart"
37.8,11.5,NA,88.375,"Q2-3-32",0.267968802,0,"JUNart"
NA,5.4,NA,241.125,"Q2-5-6",0.033223106,1,"JUNart"
NA,19,6.572864322,92,"Q3-3-16",0.263365745,0,"JUNart"
38.73,10,NA,73.625,"Q3-3-20",0.317081993,0,"JUNart"
35.84,9.1,8.921428571,59.875,"Q3-3-24",0.350052798,0,"JUNart"
37.86,8.8,6.677777778,59.875,"Q3-3-24",0.350052798,0,"JUNart"
38.32,18.6,7.36196319,53.375,"Q3-3-26",0.366940256,0,"JUNart"
45.9,6.5,6.452736318,176.75,"Q3-3-8",0.105054346,0,"JUNart"
46.26,20.1,4.981549815,129.75,"Q3-5-14",0.2,1,"JUNart"
26.02,15.2,8.021138211,100.25,"Q3-5-18",0.24,1,"JUNart"
20.72,8.4,8.246376812,63,"Q3-5-22",0.34,1,"JUNart"
37.46,19,8.450381679,59.875,"Q3-5-24",0.35,1,"JUNart"
50,14.6,12.87844211,176.25,"Q4-3-22",0.107376321,0,"JUNart"
33.92,12.7,9.31025641,176.25,"Q4-3-22",0.107376321,0,"JUNart"
38.13,9,10.02702703,176.25,"Q4-3-22",0.107376321,0,"JUNart"
45.71,8.4,6.717366629,135.5,"Q4-3-24",0.191297993,0,"JUNart"
53.32,21,9.626139818,135.5,"Q4-3-24",0.191297993,0,"JUNart"
45.48,22.4,8.655870445,92.75,"Q4-3-26",0.260544908,0,"JUNart"
41.67,9.7,8.558823529,63.25,"Q4-3-28",0.339666189,0,"JUNart"
36.45,35,9.704301075,173.5,"Q4-5-20",0.118480111,1,"JUNart"
36.98,18.5,7.970660147,130,"Q4-5-22",0.19964608,1,"JUNart"
18.95,12,5.244444444,94.625,"Q4-5-24",0.253981113,1,"JUNart"
28.82,11.5,8.378676471,94.625,"Q4-5-24",0.253981113,1,"JUNart"
27.11,13.6,21.49090909,240.5,"Q1-3-14",0.034088188,0,"LAClya"
36.36,12.4,21.36996337,177,"Q1-3-16",0.104252133,0,"LAClya"
17.39,5.9,15.10135135,94.25,"Q1-3-22",0.25537401,0,"LAClya"
55.93,3.4,23.14285714,94.25,"Q1-3-22",0.25537401,0,"LAClya"
34.38,14.4,13.63548387,253.125,"Q1-3-6",6.83e-05,0,"LAClya"
42.31,12.3,22.68586387,253.125,"Q1-3-6",6.83e-05,0,"LAClya"
42.55,21.6,14.41605839,253.25,"Q1-3-8",0,0,"LAClya"
40.91,13.2,21.06666667,180.75,"Q1-5-16",0.095949315,1,"LAClya"
16.92,9.4,20.79127726,145.5,"Q1-5-18",0.176978787,1,"LAClya"
28.33,5.8,15.0794702,233,"Q2-3-0",0.049947711,0,"LAClya"
14.77,8.9,15.33834586,231.25,"Q2-3-4",0.053058233,0,"LAClya"
30.95,6.5,15.344,201.25,"Q2-3-6",0.059523208,0,"LAClya"
27.78,12.4,23.13868613,129.75,"Q3-5-14",0.2,1,"LAClya"
19.4,18,18.50931677,100.25,"Q3-5-18",0.24,1,"LAClya"
24,11.3,28.30039526,78.125,"Q3-5-20",0.31,1,"LAClya"
NA,6.2,17.46982759,238.125,"Q4-3-12",0.039585466,0,"LAClya"
12.37,9.9,20.50200803,202.625,"Q4-3-20",0.056983163,0,"LAClya"
18.87,6.5,17.61,202.625,"Q4-3-20",0.056983163,0,"LAClya"
49.46,7.2,NA,176.25,"Q4-3-22",0.107376321,0,"LAClya"
31.58,9.5,26.1627907,135.5,"Q4-3-24",0.191297993,0,"LAClya"
39.66,7.3,17.21390374,192,"Q4-3-6",0.070211528,0,"LAClya"
12.15,27.4,24.25531915,186.625,"Q4-5-18",0.079245048,1,"LAClya"
22.5,21,25.50853242,173.5,"Q4-5-20",0.118480111,1,"LAClya"
27.59,27,27.67292225,130,"Q4-5-22",0.19964608,1,"LAClya"
18.18,6.5,19.85897436,75.125,"Q4-5-26",0.315056151,1,"LAClya"
31.54,8.6,19.61434978,253.25,"Q1-3-0",6.05e-07,0,"LACstr"
16.07,0.9,15.52380952,253.25,"Q1-3-10",0,0,"LACstr"
35.9,10.1,15.89583333,177,"Q1-3-16",0.104252133,0,"LACstr"
40.91,2.7,29.6,253.25,"Q1-3-2",0,0,"LACstr"
23.81,3.7,13.64383562,94.25,"Q1-3-22",0.25537401,0,"LACstr"
22.07,4.3,NA,253.125,"Q1-3-6",6.83e-05,0,"LACstr"
31.11,5.6,3.348837209,201.125,"Q2-3-10",0.059872216,0,"LACstr"
15.79,6.8,NA,196,"Q2-3-12",0.066296506,0,"LACstr"
26.47,2.4,10.36842105,187.125,"Q2-3-14",0.077153881,0,"LACstr"
NA,3.2,10.0397351,233,"Q2-3-2",0.049696228,0,"LACstr"
18.28,8.5,10.12851406,231.25,"Q2-3-4",0.053058233,0,"LACstr"
27.66,4.9,NA,201.125,"Q2-3-8",0.060042069,0,"LACstr"
16.67,2.8,20.31111111,144.25,"Q3-3-12",0.179771822,0,"LACstr"
11.88,5.2,12.10784314,115.5,"Q3-3-14",0.214794439,0,"LACstr"
30,3.6,14.05347594,115.5,"Q3-3-14",0.214794439,0,"LACstr"
25.45,5.4,21.01886792,78.125,"Q3-5-20",0.31,1,"LACstr"
26.79,6.8,5.517241379,238.875,"Q4-3-0",0.03812822,0,"LACstr"
61.46,3.5,15.45348837,238.25,"Q4-3-10",0.039296649,0,"LACstr"
19.28,7,15.888,238.125,"Q4-3-12",0.039585466,0,"LACstr"
13.16,6.5,12.00952381,231.375,"Q4-3-14",0.052789354,0,"LACstr"
23.29,2.4,13.525,231.375,"Q4-3-14",0.052789354,0,"LACstr"
18.1,5.1,13.30252101,232.375,"Q4-3-16",0.050953111,0,"LACstr"
33.33,5.2,21.97368421,232.375,"Q4-3-16",0.050953111,0,"LACstr"
27.91,4.1,18.46315789,233.125,"Q4-3-18",0.049468151,0,"LACstr"
33.99,5.5,8.24742268,201.625,"Q4-3-2",0.058589902,0,"LACstr"
44.68,5,13.33333333,195.125,"Q4-3-4",0.066967739,0,"LACstr"
40,5.2,NA,192,"Q4-3-6",0.070211528,0,"LACstr"
68.87,10.5,NA,196.625,"Q4-3-8",0.065736198,0,"LACstr"
15.71,13.5,28.91666667,234.125,"Q4-5-10",0.047351614,1,"LACstr"
10.08,5.7,9.052941176,0,"Q1-3-32",1.674419365,0,"LEUfra"
6,4.9,8.909722222,0,"Q1-5-28",1.181700409,1,"LEUfra"
NA,2.5,7.701923077,0,"Q1-5-30",1.654208677,1,"LEUfra"
4.85,2,8.171568627,0,"Q1-5-30",1.654208677,1,"LEUfra"
7.61,6.8,9.725490196,0,"Q1-5-32",2.161009126,1,"LEUfra"
5.37,4.5,8.146464646,0,"Q2-3-52",2.030666877,0,"LEUfra"
18.42,3.4,7.04964539,0,"Q2-3-54",2.592609121,0,"LEUfra"
9.38,2.8,6.389105058,0,"Q2-5-56",2.319117531,1,"LEUfra"
17.16,11.3,8.605363985,0,"Q3-3-38",0.88403758,0,"LEUfra"
10.15,5.5,7.818181818,0,"Q3-3-40",1.263236176,0,"LEUfra"
11.76,4.5,7.100775194,0,"Q3-3-40",1.263236176,0,"LEUfra"
8.33,4,6.383763838,0,"Q3-3-42",1.727702467,0,"LEUfra"
6.17,3.4,6.414035088,0,"Q3-3-42",1.727702467,0,"LEUfra"
18.18,2.6,6.85380117,0,"Q3-3-44",2.038452062,0,"LEUfra"
5.75,5,8.933701657,0,"Q3-3-44",2.038452062,0,"LEUfra"
5.96,3.8,7.791946309,0,"Q3-3-48",2.401787956,0,"LEUfra"
7.65,5.1,9.138888889,0,"Q3-5-44",1.11,1,"LEUfra"
5.41,1.6,12.21794872,0,"Q3-5-46",1.21,1,"LEUfra"
10.91,2.7,11.31506849,0,"Q3-5-46",1.21,1,"LEUfra"
8,2.4,13.48214286,0,"Q3-5-48",1.3,1,"LEUfra"
5.33,2.8,9.821428571,0,"Q3-5-48",1.3,1,"LEUfra"
NA,1.1,9.865771812,0,"Q3-5-50",1.47,1,"LEUfra"
NA,4.9,8.927777778,0,"Q3-5-50",1.47,1,"LEUfra"
2.21,4,8.014440433,0,"Q4-3-38",1.702100193,0,"LEUfra"
7.29,2.5,7.37037037,0,"Q4-3-38",1.702100193,0,"LEUfra"
7.94,2.6,7.954285714,0,"Q4-3-42",2.927115205,0,"LEUfra"
4.02,2.1,9.740458015,0,"Q4-3-42",2.927115205,0,"LEUfra"
NA,4.5,9.379807692,0,"Q4-5-40",2.364141009,1,"LEUfra"
14.04,4,7.586666667,0,"Q4-5-42",2.827177468,1,"LEUfra"
6.27,5,6.520833333,0,"Q4-5-42",2.827177468,1,"LEUfra"
34.88,3.4,33.5,253.25,"Q1-3-2",0,0,"LILrut"
27.5,7,23.80769231,253.25,"Q1-3-2",0,0,"LILrut"
31.58,1.8,25.47169811,201.125,"Q2-3-10",0.059872216,0,"LILrut"
35.8,2,25.48387097,233,"Q2-3-2",0.049696228,0,"LILrut"
12.34,2.6,21.73469388,151.5,"Q2-3-24",0.162287909,0,"LILrut"
NA,3.2,NA,231.25,"Q2-3-4",0.053058233,0,"LILrut"
NA,1.8,21.94285714,201.25,"Q2-3-6",0.059523208,0,"LILrut"
32.85,3.5,21.64556962,185.875,"Q3-3-0",0.081362655,0,"LILrut"
33.14,4.1,27.92307692,144.25,"Q3-3-12",0.179771822,0,"LILrut"
NA,2,27.73333333,115.5,"Q3-3-14",0.214794439,0,"LILrut"
5.15,3,15.85714286,92,"Q3-3-16",0.263365745,0,"LILrut"
39.13,2.5,22.25,190,"Q3-3-2",0.072627034,0,"LILrut"
29.63,2.8,36.53488372,191.625,"Q3-3-4",0.070581172,0,"LILrut"
22.83,2.5,23.13978495,191.625,"Q3-3-4",0.070581172,0,"LILrut"
23.43,3.7,23.85185185,185.875,"Q3-3-6",0.081373701,0,"LILrut"
19.74,1.4,23.37037037,185.875,"Q3-3-6",0.081373701,0,"LILrut"
19.49,2,21.796875,185.875,"Q3-3-6",0.081373701,0,"LILrut"
23.53,3.5,31.81081081,176.75,"Q3-3-8",0.105054346,0,"LILrut"
36.76,4.5,4.461538462,238.875,"Q4-3-0",0.03812822,0,"LILrut"
15.89,8.3,16.83969466,238.25,"Q4-3-10",0.039296649,0,"LILrut"
38.74,6.2,21.81818182,238.125,"Q4-3-12",0.039585466,0,"LILrut"
38.1,3.9,6.0625,231.375,"Q4-3-14",0.052789354,0,"LILrut"
14.84,2.2,29.89361702,232.375,"Q4-3-16",0.050953111,0,"LILrut"
NA,2.8,23.10416667,232.375,"Q4-3-16",0.050953111,0,"LILrut"
26.25,5,19.37356322,233.125,"Q4-3-18",0.049468151,0,"LILrut"
20.1,2.8,29.45283019,233.125,"Q4-3-18",0.049468151,0,"LILrut"
40,8.5,19.24050633,201.625,"Q4-3-2",0.058589902,0,"LILrut"
6.67,4,21.69565217,202.625,"Q4-3-20",0.056983163,0,"LILrut"
18.65,8.7,9.103448276,195.125,"Q4-3-4",0.066967739,0,"LILrut"
29.57,2.5,18.784,192,"Q4-3-6",0.070211528,0,"LILrut"
34.04,4.5,18.28301887,196.625,"Q4-3-8",0.065736198,0,"LILrut"
30.43,1.4,NA,253.25,"Q1-3-2",0,0,"LOBper"
13.82,2.4,31.18421053,136.5,"Q1-3-20",0.19043142,0,"LOBper"
23.53,4.2,31.55737705,94.25,"Q1-3-22",0.25537401,0,"LOBper"
7.02,0.5,25.67567568,233,"Q2-3-0",0.049947711,0,"LOBper"
15.52,0.4,33.75,187.125,"Q2-3-14",0.077153881,0,"LOBper"
14.71,0.3,29.95833333,184,"Q2-3-16",0.08756114,0,"LOBper"
23.8,0.6,NA,174.875,"Q2-3-20",0.11154678,0,"LOBper"
17.54,7.2,28.55555556,164,"Q2-3-22",0.134260005,0,"LOBper"
36.11,2.4,NA,151.5,"Q2-3-24",0.162287909,0,"LOBper"
NA,6.8,37.5,107.625,"Q2-3-28",0.226052018,0,"LOBper"
9.09,2.5,53.47058824,88.375,"Q2-3-32",0.267968802,0,"LOBper"
6.86,2,29.38509317,81.875,"Q2-3-34",0.288974181,0,"LOBper"
14.81,1.9,27,157.75,"Q3-3-10",0.14550919,0,"LOBper"
3.23,2.6,18.43478261,144.25,"Q3-3-12",0.179771822,0,"LOBper"
19.23,1.5,33.25,115.5,"Q3-3-14",0.214794439,0,"LOBper"
11.8,0.8,24,92,"Q3-3-16",0.263365745,0,"LOBper"
34.29,1,30.44444444,190,"Q3-3-2",0.072627034,0,"LOBper"
10.93,2.8,38.95238095,191.625,"Q3-3-4",0.070581172,0,"LOBper"
24.07,1.2,26.92307692,185.875,"Q3-3-6",0.081373701,0,"LOBper"
NA,1.5,18.22222222,176.75,"Q3-3-8",0.105054346,0,"LOBper"
NA,1.3,NA,238.875,"Q4-3-0",0.03812822,0,"LOBper"
41.67,1,46.66666667,238.25,"Q4-3-10",0.039296649,0,"LOBper"
12.5,0.7,31.86111111,238.125,"Q4-3-12",0.039585466,0,"LOBper"
39.19,1.5,28.53658537,231.375,"Q4-3-14",0.052789354,0,"LOBper"
12,1.8,44.64,232.375,"Q4-3-16",0.050953111,0,"LOBper"
36,0.5,42.42424242,233.125,"Q4-3-18",0.049468151,0,"LOBper"
NA,0.5,NA,201.625,"Q4-3-2",0.058589902,0,"LOBper"
16.47,1.5,37,202.625,"Q4-3-20",0.056983163,0,"LOBper"
NA,1.2,43.02857143,135.5,"Q4-3-24",0.191297993,0,"LOBper"
15.65,4.2,40.75,92.75,"Q4-3-26",0.260544908,0,"LOBper"
22.68,0.7,NA,192,"Q4-3-6",0.070211528,0,"LOBper"
36.36,0.8,28.4,196.625,"Q4-3-8",0.065736198,0,"LOBper"
21.52,2,44.76923077,75.125,"Q4-5-26",0.315056151,1,"LOBper"
34.85,1.1,22.75,233,"Q2-3-0",0.049947711,0,"MYRpro"
27.01,1.8,12.30769231,144.25,"Q3-3-12",0.179771822,0,"MYRpro"
31.08,0.8,12.54166667,115.5,"Q3-3-14",0.214794439,0,"MYRpro"
25.26,2,13.09090909,92,"Q3-3-16",0.263365745,0,"MYRpro"
23.85,2.2,42.61538462,190,"Q3-3-2",0.072627034,0,"MYRpro"
42.19,2,NA,191.625,"Q3-3-4",0.070581172,0,"MYRpro"
23.33,5,13.77272727,185.875,"Q3-3-6",0.081373701,0,"MYRpro"
40.78,1,31.61538462,238.875,"Q4-3-0",0.03812822,0,"MYRpro"
16.15,6.4,NA,238.875,"Q4-3-0",0.03812822,0,"MYRpro"
14,1.5,19.45945946,238.125,"Q4-3-12",0.039585466,0,"MYRpro"
18.35,2.1,17.64705882,231.375,"Q4-3-14",0.052789354,0,"MYRpro"
8.22,1.8,23.18181818,232.375,"Q4-3-16",0.050953111,0,"MYRpro"
13.94,4.6,19.8,233.125,"Q4-3-18",0.049468151,0,"MYRpro"
21.35,0.4,12.03125,201.625,"Q4-3-2",0.058589902,0,"MYRpro"
NA,2,NA,201.625,"Q4-3-2",0.058589902,0,"MYRpro"
21.51,0.9,20.34615385,202.625,"Q4-3-20",0.056983163,0,"MYRpro"
28.29,2,NA,195.125,"Q4-3-4",0.066967739,0,"MYRpro"
30.9,2.9,37.84210526,195.125,"Q4-3-4",0.066967739,0,"MYRpro"
18.75,1,NA,192,"Q4-3-6",0.070211528,0,"MYRpro"
5.42,0.3,23,196.625,"Q4-3-8",0.065736198,0,"MYRpro"
NA,2.9,14.84375,233,"Q2-3-0",0.049947711,0,"PARcan"
38.89,1.6,21.97674419,233,"Q2-3-2",0.049696228,0,"PARcan"
48.28,5.4,19.78571429,164,"Q2-3-22",0.134260005,0,"PARcan"
NA,3.5,18,151.5,"Q2-3-24",0.162287909,0,"PARcan"
NA,8,17.70588235,231.25,"Q2-3-4",0.053058233,0,"PARcan"
20,5.5,16.36619718,201.25,"Q2-3-6",0.059523208,0,"PARcan"
NA,1.8,20.89655172,201.125,"Q2-3-8",0.060042069,0,"PARcan"
NA,2.5,15.06521739,185.875,"Q3-3-0",0.081362655,0,"PARcan"
NA,1.5,24.3,157.75,"Q3-3-10",0.14550919,0,"PARcan"
NA,1.2,21.47368421,115.5,"Q3-3-14",0.214794439,0,"PARcan"
4.65,3.2,12.09302326,92,"Q3-3-16",0.263365745,0,"PARcan"
8.33,6.8,13.08510638,79.25,"Q3-3-18",0.302096251,0,"PARcan"
NA,2.5,35.11111111,190,"Q3-3-2",0.072627034,0,"PARcan"
NA,2.5,34.8,191.625,"Q3-3-4",0.070581172,0,"PARcan"
14.81,2,22.80357143,185.875,"Q3-3-6",0.081373701,0,"PARcan"
NA,2.5,NA,238.875,"Q4-3-0",0.03812822,0,"PARcan"
33.33,2,22.17391304,238.25,"Q4-3-10",0.039296649,0,"PARcan"
3.85,0.9,32.7826087,238.125,"Q4-3-12",0.039585466,0,"PARcan"
NA,0.6,23.47826087,231.375,"Q4-3-14",0.052789354,0,"PARcan"
NA,1.2,NA,201.625,"Q4-3-2",0.058589902,0,"PARcan"
13.04,1.7,30.32,202.625,"Q4-3-20",0.056983163,0,"PARcan"
NA,1.6,26.33333333,202.625,"Q4-3-20",0.056983163,0,"PARcan"
27.27,2.6,32.31818182,135.5,"Q4-3-24",0.191297993,0,"PARcan"
5,2.7,16.57142857,135.5,"Q4-3-24",0.191297993,0,"PARcan"
NA,1.8,22.72972973,92.75,"Q4-3-26",0.260544908,0,"PARcan"
NA,2.3,32,63.25,"Q4-3-28",0.339666189,0,"PARcan"
NA,1,NA,195.125,"Q4-3-4",0.066967739,0,"PARcan"
NA,0.4,22.75,196.625,"Q4-3-8",0.065736198,0,"PARcan"
45,1.6,28.9375,75.125,"Q4-5-26",0.315056151,1,"PARcan"
6.07,1.1,11.11893584,14,"Q1-3-26",0.487305203,0,"PILoff"
6.75,4.3,15.49649737,0,"Q1-3-28",0.743816953,0,"PILoff"
6.27,1.3,12.59540636,0,"Q1-3-30",1.150697262,0,"PILoff"
6.23,0.5,9.725388601,0,"Q1-3-32",1.674419365,0,"PILoff"
8.3,9.1,18.2360515,13.625,"Q1-5-24",0.490353221,1,"PILoff"
5.49,6,27.73651452,0,"Q1-5-26",0.759624613,1,"PILoff"
7.06,0.8,9.928400955,0,"Q1-5-28",1.181700409,1,"PILoff"
5.84,0.8,7.179372197,0,"Q1-5-30",1.654208677,1,"PILoff"
8.02,2.4,15.75075988,0,"Q1-5-32",2.161009126,1,"PILoff"
5.96,6.3,14.46746988,0,"Q2-3-46",0.582640183,0,"PILoff"
9.71,3.6,10.17472434,0,"Q2-3-48",0.866104326,0,"PILoff"
9.28,1,7.85572843,0,"Q2-3-50",1.41161348,0,"PILoff"
6.08,0.3,4.289719626,0,"Q2-3-52",2.030666877,0,"PILoff"
8.58,0.6,8.731132075,0,"Q2-3-54",2.592609121,0,"PILoff"
8.5,6.1,16.05546995,0,"Q2-5-48",0.605834496,1,"PILoff"
6.91,2,22.90909091,0,"Q2-5-50",0.773999594,1,"PILoff"
4.29,0.3,12.39943343,0,"Q2-5-52",1.338438811,1,"PILoff"
9.46,2.1,15.81262729,0,"Q2-5-54",1.853486913,1,"PILoff"
3.47,1.3,11.07042254,0,"Q2-5-56",2.319117531,1,"PILoff"
NA,0.2,25.70731707,115.5,"Q3-3-14",0.214794439,0,"PILoff"
6.83,1.8,17.34059406,0,"Q3-3-34",0.733942304,0,"PILoff"
4.05,8.7,16.41334661,0,"Q3-3-38",0.88403758,0,"PILoff"
10.95,0.9,10.453125,0,"Q3-3-40",1.263236176,0,"PILoff"
3.11,0.7,13.55813953,0,"Q3-3-42",1.727702467,0,"PILoff"
6.06,2.6,8.020942408,0,"Q3-3-44",2.038452062,0,"PILoff"
9.87,2,11.00512821,0,"Q3-3-46",2.235278605,0,"PILoff"
5.58,1.9,9.172774869,0,"Q3-3-48",2.401787956,0,"PILoff"
7.14,1,9.265116279,0,"Q3-3-50",2.559467523,0,"PILoff"
7.35,1.3,8.863636364,0,"Q3-5-44",1.11,1,"PILoff"
5.96,1.1,11.64609053,0,"Q3-5-46",1.21,1,"PILoff"
2.35,0.4,9.172638436,0,"Q3-5-48",1.3,1,"PILoff"
3.68,2.1,9.074074074,0,"Q3-5-50",1.47,1,"PILoff"
10.41,2.2,14.89522059,0,"Q4-3-36",1.085972247,0,"PILoff"
6.6,1,8.062200957,0,"Q4-3-38",1.702100193,0,"PILoff"
10.42,4,16.69047619,0,"Q4-3-40",2.398974717,0,"PILoff"
7.05,2,11.32450331,0,"Q4-3-42",2.927115205,0,"PILoff"
4.61,8,NA,0,"Q4-5-32",0.617924382,1,"PILoff"
4.65,4,11.27819549,0,"Q4-5-38",1.869952672,1,"PILoff"
3.17,2.5,12.08258528,0,"Q4-5-40",2.364141009,1,"PILoff"
6.52,1.6,8.122807018,0,"Q4-5-42",2.827177468,1,"PILoff"
7.14,6.8,18.43860619,14,"Q1-3-26",0.487305203,0,"PILpil"
11.06,6.2,20.66299213,14,"Q1-3-26",0.487305203,0,"PILpil"
7.25,13.1,17.79636938,0,"Q1-3-28",0.743816953,0,"PILpil"
6.18,2.8,17.1609589,0,"Q1-3-28",0.743816953,0,"PILpil"
10.28,4.2,13.89892985,0,"Q1-3-32",1.674419365,0,"PILpil"
5.46,7.1,24.66916667,13.625,"Q1-5-24",0.490353221,1,"PILpil"
10.79,26.5,21.87664632,13.625,"Q1-5-24",0.490353221,1,"PILpil"
8.48,9.2,19.78719867,0,"Q1-5-26",0.759624613,1,"PILpil"
6.41,10.7,20.12201835,0,"Q1-5-26",0.759624613,1,"PILpil"
6.95,11.22343387,31.15178571,0,"Q2-3-50",1.41161348,0,"PILpil"
5.71,21.2,NA,2.375,"Q2-5-46",0.553870919,1,"PILpil"
4.01,11,NA,0,"Q2-5-48",0.605834496,1,"PILpil"
8.7,2.5,17.12553191,8.375,"Q3-3-32",0.519424837,0,"PILpil"
6.48,4.5,24.26644182,0,"Q3-3-34",0.733942304,0,"PILpil"
10.8,2,16.13970008,0,"Q3-3-38",0.88403758,0,"PILpil"
6.29,18,41.07641921,4,"Q4-3-32",0.543408349,0,"PILpil"
6.25,7.8,27.60940032,4,"Q4-3-32",0.543408349,0,"PILpil"
12.16,11,15.98054475,0,"Q4-3-34",0.779316604,0,"PILpil"
10.88,4.7,17.86282579,0,"Q4-3-36",1.085972247,0,"PILpil"
9.56,5,18.8410596,0,"Q4-3-36",1.085972247,0,"PILpil"
6.02,9.6,29.08695652,0,"Q4-5-32",0.617924382,1,"PILpil"
7.72,9.3,32.19305857,0,"Q4-5-32",0.617924382,1,"PILpil"
6.67,15.8,26.08022923,0,"Q4-5-34",0.790573758,1,"PILpil"
7.51,9.1,13.53490991,0,"Q4-5-36",1.257718625,1,"PILpil"
6.07,8.5,29.76501305,0,"Q4-5-36",1.257718625,1,"PILpil"
34.32,0.4,NA,233,"Q2-3-0",0.049947711,0,"POTche"
26.82,0.7,19.7826087,238.875,"Q4-3-0",0.03812822,0,"POTche"
27.75,2,16.90434783,238.25,"Q4-3-10",0.039296649,0,"POTche"
7.03,1.2,18.9375,238.125,"Q4-3-12",0.039585466,0,"POTche"
22.73,2.1,13.66423358,231.375,"Q4-3-14",0.052789354,0,"POTche"
29.63,1.5,26.82352941,232.375,"Q4-3-16",0.050953111,0,"POTche"
53.65,1.5,16.75925926,201.625,"Q4-3-2",0.058589902,0,"POTche"
NA,0.9,13.50574713,195.125,"Q4-3-4",0.066967739,0,"POTche"
42.08,1.9,NA,192,"Q4-3-6",0.070211528,0,"POTche"
45.09,0.4,13.68518519,196.625,"Q4-3-8",0.065736198,0,"POTche"
56.19,3,39.91304348,233.625,"Q4-5-2",0.048540159,1,"POTche"
